GID_0,year,rainy_months,stunting_rate,hot_months,rainy_months1,rainy_months2,hot_months1,hot_months2,GDP,laggedGDP,laggedGDP2
AGO,2001,0,45.1,0,NA,NA,NA,NA,8.156377022,NA,NA
BDI,2001,0,62,0,NA,NA,NA,NA,43.84314206,NA,NA
BEN,2001,0,36.4,0,NA,NA,NA,NA,25.04816274,NA,NA
BFA,2001,1,41.8,0,NA,NA,NA,NA,26.92043043,NA,NA
BWA,2001,2,31.1,0,NA,NA,NA,NA,2.59029062,NA,NA
CAF,2001,0,43.5,0,NA,NA,NA,NA,NA,NA,NA
CIV,2001,0,33.6,0,NA,NA,NA,NA,17.27709755,NA,NA
CMR,2001,1,37.4,0,NA,NA,NA,NA,18.62095827,NA,NA
COD,2001,1,47.5,0,NA,NA,NA,NA,32.87090402,NA,NA
COG,2001,1,36.1,0,NA,NA,NA,NA,5.799931651,NA,NA
COM,2001,1,41.8,3,NA,NA,NA,NA,29.37628658,NA,NA
ERI,2001,2,47.1,1,NA,NA,NA,NA,15.1638444,NA,NA
ETH,2001,2,56.1,1,NA,NA,NA,NA,42.34057112,NA,NA
GAB,2001,0,25.8,0,NA,NA,NA,NA,6.143932582,NA,NA
GHA,2001,0,32.7,0,NA,NA,NA,NA,35.24180012,NA,NA
GIN,2001,1,34.4,3,NA,NA,NA,NA,21.74068348,NA,NA
GMB,2001,0,29.2,2,NA,NA,NA,NA,25.42563238,NA,NA
GNB,2001,0,33.5,2,NA,NA,NA,NA,37.507955,NA,NA
GNQ,2001,1,38.1,0,NA,NA,NA,NA,NA,NA,NA
KEN,2001,0,38.7,0,NA,NA,NA,NA,27.84926011,NA,NA
LBR,2001,0,44.1,2,NA,NA,NA,NA,76.5335872,NA,NA
LSO,2001,2,41.1,1,NA,NA,NA,NA,8.298870587,NA,NA
MDG,2001,0,54.7,2,NA,NA,NA,NA,29.85131341,NA,NA
MLI,2001,0,39.4,1,NA,NA,NA,NA,32.81360596,NA,NA
MOZ,2001,2,49.5,1,NA,NA,NA,NA,18.24848986,NA,NA
MRT,2001,1,38.6,1,NA,NA,NA,NA,24.86895971,NA,NA
MWI,2001,0,55.3,0,NA,NA,NA,NA,35.28267377,NA,NA
NAM,2001,1,30.2,0,NA,NA,NA,NA,9.67546592,NA,NA
NER,2001,0,52,0,NA,NA,NA,NA,40.18192773,NA,NA
NGA,2001,0,42,0,NA,NA,NA,NA,24.47535466,NA,NA
RWA,2001,2,49.5,0,NA,NA,NA,NA,31.81275239,NA,NA
SEN,2001,0,24.6,1,NA,NA,NA,NA,16.25243231,NA,NA
SLE,2001,0,39,2,NA,NA,NA,NA,45.13635404,NA,NA
SOM,2001,0,32,2,NA,NA,NA,NA,NA,NA,NA
STP,2001,1,30,0,NA,NA,NA,NA,10.1341755,NA,NA
SWZ,2001,1,36.5,0,NA,NA,NA,NA,12.09922052,NA,NA
SYC,2001,0,10.4,0,NA,NA,NA,NA,2.825866279,NA,NA
TCD,2001,1,42.4,0,NA,NA,NA,NA,40.2954383,NA,NA
TGO,2001,0,34.7,0,NA,NA,NA,NA,33.92963181,NA,NA
TZA,2001,1,46.8,0,NA,NA,NA,NA,25.80028911,NA,NA
UGA,2001,2,43.3,0,NA,NA,NA,NA,27.85024148,NA,NA
ZMB,2001,2,53.6,0,NA,NA,NA,NA,15.52748224,NA,NA
ZWE,2001,2,33,1,NA,NA,NA,NA,15.62707072,NA,NA
AGO,2002,1,42.4,1,0,NA,0,NA,5.839549975,8.156377022,NA
BDI,2002,2,61.6,1,0,NA,0,NA,43.33361124,43.84314206,NA
BEN,2002,1,36.1,0,0,NA,0,NA,25.38272928,25.04816274,NA
BFA,2002,0,42.1,1,1,NA,0,NA,26.37244848,26.92043043,NA
BWA,2002,0,30.6,1,2,NA,0,NA,2.425615993,2.59029062,NA
CAF,2002,1,43.5,1,0,NA,0,NA,NA,NA,NA
CIV,2002,0,33.7,0,0,NA,0,NA,18.73731416,17.27709755,NA
CMR,2002,1,37.4,2,1,NA,0,NA,18.2716804,18.62095827,NA
COD,2002,1,47.3,1,1,NA,0,NA,26.58377932,32.87090402,NA
COG,2002,0,34.7,0,1,NA,0,NA,6.261580123,5.799931651,NA
COM,2002,1,40.9,1,1,NA,3,NA,29.37601242,29.37628658,NA
ERI,2002,0,46.7,2,2,NA,1,NA,13.60181006,15.1638444,NA
ETH,2002,0,54.7,3,2,NA,1,NA,38.69237169,42.34057112,NA
GAB,2002,1,25.6,0,0,NA,0,NA,5.743861639,6.143932582,NA
GHA,2002,0,32.1,0,0,NA,0,NA,35.14837706,35.24180012,NA
GIN,2002,1,34.7,0,1,NA,3,NA,21.63161471,21.74068348,NA
GMB,2002,0,28.5,4,0,NA,2,NA,24.12493214,25.42563238,NA
GNB,2002,0,33.2,4,0,NA,2,NA,41.8319889,37.507955,NA
GNQ,2002,0,37.1,0,1,NA,0,NA,NA,NA,NA
KEN,2002,1,38.4,1,0,NA,0,NA,25.8539676,27.84926011,NA
LBR,2002,0,43.2,0,0,NA,2,NA,79.04236246,76.5335872,NA
LSO,2002,0,41.3,0,2,NA,1,NA,6.395312833,8.298870587,NA
MDG,2002,1,54.3,0,0,NA,2,NA,34.14251398,29.85131341,NA
MLI,2002,0,38.6,2,0,NA,1,NA,32.71418375,32.81360596,NA
MOZ,2002,0,48.5,1,2,NA,1,NA,22.79995592,18.24848986,NA
MRT,2002,0,36.8,1,1,NA,1,NA,24.23001696,24.86895971,NA
MWI,2002,1,54.9,1,0,NA,0,NA,38.81840596,35.28267377,NA
NAM,2002,1,30,0,1,NA,0,NA,10.03914318,9.67546592,NA
NER,2002,0,51.9,1,0,NA,0,NA,41.36693517,40.18192773,NA
NGA,2002,1,41.7,0,0,NA,0,NA,36.96508267,24.47535466,NA
RWA,2002,0,49.7,2,2,NA,0,NA,30.21345028,31.81275239,NA
SEN,2002,0,23.8,2,0,NA,1,NA,13.38078013,16.25243231,NA
SLE,2002,2,39.1,1,0,NA,2,NA,46.21424623,45.13635404,NA
SOM,2002,2,32.2,1,0,NA,2,NA,NA,NA,NA
STP,2002,2,28.6,1,1,NA,0,NA,10.64688066,10.1341755,NA
SWZ,2002,0,36.1,0,1,NA,0,NA,12.50254377,12.09922052,NA
SYC,2002,1,9.8,0,0,NA,0,NA,2.885621599,2.825866279,NA
TCD,2002,0,42.2,0,1,NA,0,NA,37.9029524,40.2954383,NA
TGO,2002,0,34.1,0,0,NA,0,NA,33.1543868,33.92963181,NA
TZA,2002,1,45.9,1,1,NA,0,NA,25.16308225,25.80028911,NA
UGA,2002,0,42.5,1,2,NA,0,NA,23.433428,27.85024148,NA
ZMB,2002,0,52.9,1,2,NA,0,NA,15.36142994,15.52748224,NA
ZWE,2002,0,33.6,1,2,NA,1,NA,12.56836756,15.62707072,NA
AGO,2003,1,39.9,1,1,0,1,0,6.198384339,5.839549975,8.156377022
BDI,2003,0,61.2,0,2,0,1,0,42.8412837,43.33361124,43.84314206
BEN,2003,2,36,0,1,0,0,0,24.45398374,25.38272928,25.04816274
BFA,2003,1,42.3,0,0,1,1,0,25.96097682,26.37244848,26.92043043
BWA,2003,0,30,2,0,2,1,0,2.722386955,2.425615993,2.59029062
CAF,2003,1,43.4,0,1,0,1,0,NA,NA,NA
CIV,2003,2,33.8,1,0,0,0,0,20.77602022,18.73731416,17.27709755
CMR,2003,1,37.2,0,1,1,2,0,17.47378423,18.2716804,18.62095827
COD,2003,0,46.9,0,1,1,1,0,26.05383881,26.58377932,32.87090402
COG,2003,1,33.3,0,0,1,0,0,6.275223939,6.261580123,5.799931651
COM,2003,0,40.2,0,1,1,1,3,29.37612727,29.37601242,29.37628658
ERI,2003,0,46.7,1,0,2,2,1,11.82992122,13.60181006,15.1638444
ETH,2003,1,53.4,3,0,2,3,1,37.28505541,38.69237169,42.34057112
GAB,2003,1,25.3,2,1,0,0,0,6.004020935,5.743861639,6.143932582
GHA,2003,2,31.5,1,0,0,0,0,36.5454059,35.14837706,35.24180012
GIN,2003,0,35,0,1,1,0,3,20.7799679,21.63161471,21.74068348
GMB,2003,1,27.8,0,0,0,4,2,26.74829049,24.12493214,25.42563238
GNB,2003,2,32.7,0,0,0,4,2,42.34587922,41.8319889,37.507955
GNQ,2003,0,36.1,2,0,1,0,0,NA,NA,NA
KEN,2003,1,38,0,1,0,1,0,25.80443937,25.8539676,27.84926011
LBR,2003,2,42.8,1,0,0,0,2,72.2403877,79.04236246,76.5335872
LSO,2003,0,41.5,2,0,2,0,1,6.346886124,6.395312833,8.298870587
MDG,2003,1,53.7,2,1,0,0,2,32.02979096,34.14251398,29.85131341
MLI,2003,1,37.9,1,0,0,2,1,29.87662985,32.71418375,32.81360596
MOZ,2003,1,47.5,0,0,2,1,1,22.70563355,22.79995592,18.24848986
MRT,2003,2,35.1,0,0,1,1,1,24.17884985,24.23001696,24.86895971
MWI,2003,1,54.3,0,1,0,1,0,36.2226653,38.81840596,35.28267377
NAM,2003,0,29.6,2,1,1,0,0,10.21534323,10.03914318,9.67546592
NER,2003,1,51.6,0,0,0,1,0,41.1955263,41.36693517,40.18192773
NGA,2003,1,41.4,0,1,0,0,0,33.82706055,36.96508267,24.47535466
RWA,2003,0,50,0,0,2,2,0,33.05306527,30.21345028,31.81275239
SEN,2003,1,23.1,0,0,0,2,1,15.49109984,13.38078013,16.25243231
SLE,2003,0,39.2,0,2,0,1,2,46.35657463,46.21424623,45.13635404
SOM,2003,1,32.4,2,2,0,1,2,NA,NA,NA
STP,2003,0,27.1,2,2,1,1,0,10.3442664,10.64688066,10.1341755
SWZ,2003,0,35.5,3,0,1,0,0,12.38526361,12.50254377,12.09922052
SYC,2003,0,9.4,0,1,0,0,0,2.636895547,2.885621599,2.825866279
TCD,2003,1,42.1,0,0,1,0,0,32.28602338,37.9029524,40.2954383
TGO,2003,2,33.4,1,0,0,0,0,28.3790964,33.1543868,33.92963181
TZA,2003,0,45.1,1,1,1,1,0,24.9107254,25.16308225,25.80028911
UGA,2003,0,41.8,0,0,2,1,0,24.50702258,23.433428,27.85024148
ZMB,2003,0,52,1,0,2,1,0,15.61709962,15.36142994,15.52748224
ZWE,2003,0,34.1,0,0,2,1,1,14.79335521,12.56836756,15.62707072
AGO,2004,1,37.7,0,1,1,1,1,6.250876536,6.198384339,5.839549975
BDI,2004,1,60.8,1,0,2,0,1,41.90260497,42.8412837,43.33361124
BEN,2004,0,36.1,2,2,1,0,0,26.52084928,24.45398374,25.38272928
BFA,2004,0,42.2,3,1,0,0,1,23.38143845,25.96097682,26.37244848
BWA,2004,1,29.6,1,0,0,2,1,2.25958535,2.722386955,2.425615993
CAF,2004,0,43.3,1,1,1,0,1,NA,NA,NA
CIV,2004,1,34,1,2,0,1,0,16.64001898,20.77602022,18.73731416
CMR,2004,0,36.9,2,1,1,0,2,17.56095272,17.47378423,18.2716804
COD,2004,1,46.3,2,0,1,0,1,23.87935949,26.05383881,26.58377932
COG,2004,0,31.9,4,1,0,0,0,5.509406303,6.275223939,6.261580123
COM,2004,1,39.5,1,0,1,0,1,29.37601992,29.37612727,29.37601242
ERI,2004,0,46.7,0,0,0,1,2,10.6422743,11.82992122,13.60181006
ETH,2004,0,52,1,1,0,3,3,38.67975495,37.28505541,38.69237169
GAB,2004,0,24.7,2,1,1,2,0,5.467291043,6.004020935,5.743861639
GHA,2004,1,30.8,1,2,0,1,0,37.95242609,36.5454059,35.14837706
GIN,2004,1,35.3,0,0,1,0,0,23.31419591,20.7799679,21.63161471
GMB,2004,1,27.2,1,1,0,0,4,31.50261835,26.74829049,24.12493214
GNB,2004,0,32.3,0,2,0,0,4,41.99168143,42.34587922,41.8319889
GNQ,2004,1,35,2,0,0,2,0,NA,NA,NA
KEN,2004,1,37.5,1,1,1,0,1,24.92904109,25.80443937,25.8539676
LBR,2004,1,42.1,0,2,0,1,0,65.04740245,72.2403877,79.04236246
LSO,2004,1,41.7,2,0,0,2,0,5.984006756,6.346886124,6.395312833
MDG,2004,1,53,0,1,1,2,0,31.42050528,32.02979096,34.14251398
MLI,2004,1,37.1,1,1,0,1,2,30.01550987,29.87662985,32.71418375
MOZ,2004,0,46.7,0,1,0,0,1,22.38418555,22.70563355,22.79995592
MRT,2004,0,33.6,1,2,0,0,1,22.91789922,24.17884985,24.23001696
MWI,2004,1,53.6,0,1,1,0,1,34.71394761,36.2226653,38.81840596
NAM,2004,1,29.1,1,0,1,2,0,8.939778917,10.21534323,10.03914318
NER,2004,1,51.3,0,1,0,0,1,37.37172856,41.1955263,41.36693517
NGA,2004,1,41.1,1,1,1,0,0,27.2304536,33.82706055,36.96508267
RWA,2004,1,50.1,1,0,0,0,2,33.91255785,33.05306527,30.21345028
SEN,2004,1,22.5,0,1,0,0,2,14.20179954,15.49109984,13.38078013
SLE,2004,1,39.2,0,0,2,0,1,48.48605626,46.35657463,46.21424623
SOM,2004,0,32.5,1,1,2,2,1,NA,NA,NA
STP,2004,0,25.8,1,0,2,2,1,9.864626461,10.3442664,10.64688066
SWZ,2004,1,34.9,1,0,0,3,0,9.659472724,12.38526361,12.50254377
SYC,2004,1,9.1,0,0,1,0,0,3.457136596,2.636895547,2.885621599
TCD,2004,0,41.8,0,1,0,0,0,22.89717623,32.28602338,37.9029524
TGO,2004,1,32.6,1,2,0,1,0,31.11188892,28.3790964,33.1543868
TZA,2004,1,44.3,1,0,1,1,1,25.69697633,24.9107254,25.16308225
UGA,2004,1,41,1,0,0,0,1,21.67035264,24.50702258,23.433428
ZMB,2004,1,51.1,0,0,0,1,1,15.58094288,15.61709962,15.36142994
ZWE,2004,0,34.5,0,0,0,0,1,18.06379683,14.79335521,12.56836756
AGO,2005,0,35.8,3,1,1,0,1,5.060402948,6.250876536,6.198384339
BDI,2005,0,60.4,9,1,0,1,0,40.84812339,41.90260497,42.8412837
BEN,2005,0,36.1,3,0,2,2,0,26.6894285,26.52084928,24.45398374
BFA,2005,1,42,3,0,1,3,0,26.77091903,23.38143845,25.96097682
BWA,2005,0,28.9,3,1,0,1,2,1.828380524,2.25958535,2.722386955
CAF,2005,1,43.1,3,0,1,1,0,NA,NA,NA
CIV,2005,0,34,5,1,2,1,1,16.06518536,16.64001898,20.77602022
CMR,2005,0,36.5,3,0,1,2,0,16.73417685,17.56095272,17.47378423
COD,2005,0,45.8,9,1,0,2,0,21.57938225,23.87935949,26.05383881
COG,2005,1,30.7,6,0,1,4,0,6.104237867,5.509406303,6.275223939
COM,2005,0,38.8,3,1,0,1,0,29.37627389,29.37601992,29.37612727
ERI,2005,1,47,1,0,0,0,1,22.60000021,10.6422743,11.82992122
ETH,2005,0,50.7,2,0,1,1,3,41.17449856,38.67975495,37.28505541
GAB,2005,1,23.8,3,0,1,2,2,4.984638611,5.467291043,6.004020935
GHA,2005,0,30,2,1,2,1,1,37.45301293,37.95242609,36.5454059
GIN,2005,0,35.5,3,1,0,0,0,22.28106496,23.31419591,20.7799679
GMB,2005,1,26.6,2,1,1,1,0,32.09063281,31.50261835,26.74829049
GNB,2005,1,31.9,1,0,2,0,0,44.35828842,41.99168143,42.34587922
GNQ,2005,1,33.9,2,1,0,2,2,NA,NA,NA
KEN,2005,0,36.8,5,1,1,1,0,24.2362747,24.92904109,25.80443937
LBR,2005,0,41.4,3,1,2,0,1,66.03272919,65.04740245,72.2403877
LSO,2005,0,41.8,1,1,0,2,2,5.671130405,5.984006756,6.346886124
MDG,2005,0,52.2,1,1,1,0,2,30.76273393,31.42050528,32.02979096
MLI,2005,1,36.3,1,1,1,1,1,32.37848184,30.01550987,29.87662985
MOZ,2005,0,45.9,5,0,1,0,0,22.76743048,22.38418555,22.70563355
MRT,2005,0,32.3,1,0,2,1,0,20.07019672,22.91789922,24.17884985
MWI,2005,0,52.8,6,1,1,0,0,32.91457648,34.71394761,36.2226653
NAM,2005,0,28.6,0,1,0,1,2,10.36848875,8.939778917,10.21534323
NER,2005,1,51,2,1,1,0,0,39.28052013,37.37172856,41.1955263
NGA,2005,0,40.7,2,1,1,1,0,26.08928283,27.2304536,33.82706055
RWA,2005,0,50.1,8,1,0,1,0,33.79410695,33.91255785,33.05306527
SEN,2005,1,21.9,1,1,1,0,0,15.18039641,14.20179954,15.49109984
SLE,2005,0,39.2,3,1,0,0,0,49.39145138,48.48605626,46.35657463
SOM,2005,0,32.6,2,0,1,1,2,NA,NA,NA
STP,2005,0,24.5,1,0,0,1,2,8.723964732,9.864626461,10.3442664
SWZ,2005,1,34.5,2,1,0,1,3,10.9717566,9.659472724,12.38526361
SYC,2005,1,8.8,0,1,0,0,0,3.254551734,3.457136596,2.636895547
TCD,2005,1,41.5,3,0,1,0,0,53.81412435,22.89717623,32.28602338
TGO,2005,0,32,2,1,2,1,1,36.55005838,31.11188892,28.3790964
TZA,2005,0,43.6,11,1,0,1,1,24.64884108,25.69697633,24.9107254
UGA,2005,0,40.2,6,1,0,1,0,25.07493613,21.67035264,24.50702258
ZMB,2005,0,50.1,5,1,0,0,1,14.58855137,15.58094288,15.61709962
ZWE,2005,1,34.6,2,0,0,0,0,17.14823974,18.06379683,14.79335521
AGO,2006,0,34.2,1,0,1,3,0,5.191280189,5.060402948,6.250876536
BDI,2006,2,59.8,4,0,1,9,1,40.63768227,40.84812339,41.90260497
BEN,2006,0,36.1,4,0,0,3,2,26.63180343,26.6894285,26.52084928
BFA,2006,1,41.5,0,1,0,3,3,25.22897616,26.77091903,23.38143845
BWA,2006,3,28.2,0,0,1,3,1,2.048364708,1.828380524,2.25958535
CAF,2006,1,42.9,3,1,0,3,1,NA,NA,NA
CIV,2006,0,34,1,0,1,5,1,15.94479491,16.06518536,16.64001898
CMR,2006,1,36,3,0,0,3,2,15.6250818,16.73417685,17.56095272
COD,2006,2,45.2,3,0,1,9,2,21.21006065,21.57938225,23.87935949
COG,2006,1,29.5,3,1,0,6,4,4.813146418,6.104237867,5.509406303
COM,2006,0,38.2,0,0,1,3,1,29.37634063,29.37627389,29.37601992
ERI,2006,1,47.5,0,1,0,1,0,24.5999999,22.60000021,10.6422743
ETH,2006,2,49.4,1,0,0,2,1,42.52417012,41.17449856,38.67975495
GAB,2006,1,23.1,2,1,0,3,2,4.911200315,4.984638611,5.467291043
GHA,2006,1,29.2,3,0,1,2,1,28.94894567,37.45301293,37.95242609
GIN,2006,1,35.6,0,0,1,3,0,15.58456342,22.28106496,23.31419591
GMB,2006,2,26.1,0,1,1,2,1,25.60022584,32.09063281,31.50261835
GNB,2006,1,31.7,0,1,0,1,0,42.26040256,44.35828842,41.99168143
GNQ,2006,0,32.8,2,1,1,2,2,1.518255278,NA,NA
KEN,2006,3,36,2,0,1,5,1,20.5196878,24.2362747,24.92904109
LBR,2006,1,40.7,0,0,1,3,0,63.81802502,66.03272919,65.04740245
LSO,2006,2,41.7,0,0,1,1,2,4.842764809,5.671130405,5.984006756
MDG,2006,0,51.5,4,0,1,1,0,30.18227172,30.76273393,31.42050528
MLI,2006,1,35.4,0,1,1,1,1,29.79050883,32.37848184,30.01550987
MOZ,2006,1,45.1,1,0,0,5,0,23.9025048,22.76743048,22.38418555
MRT,2006,0,31,2,0,0,1,1,16.60714389,20.07019672,22.91789922
MWI,2006,1,51.9,0,0,1,6,0,30.86732465,32.91457648,34.71394761
NAM,2006,3,28.2,0,0,1,0,1,9.646471039,10.36848875,8.939778917
NER,2006,1,50.7,1,1,1,2,0,39.74507858,39.28052013,37.37172856
NGA,2006,2,40.3,4,0,1,2,1,24.73499126,26.08928283,27.2304536
RWA,2006,3,49.7,4,0,1,8,1,30.04198743,33.79410695,33.91255785
SEN,2006,0,21.3,1,1,1,1,0,13.39515159,15.18039641,14.20179954
SLE,2006,1,39.2,1,0,1,3,0,50.29408713,49.39145138,48.48605626
SOM,2006,2,32.6,0,0,0,2,1,NA,NA,NA
STP,2006,0,23.4,1,0,0,1,1,8.765243075,8.723964732,9.864626461
SWZ,2006,4,34,2,1,1,2,1,11.18421584,10.9717566,9.659472724
SYC,2006,1,8.6,0,1,1,0,0,2.980658674,3.254551734,3.457136596
TCD,2006,1,41.2,2,1,0,3,0,55.77192044,53.81412435,22.89717623
TGO,2006,1,31.2,2,0,1,2,1,33.64337311,36.55005838,31.11188892
TZA,2006,3,43.1,3,0,1,11,1,23.66931073,24.64884108,25.69697633
UGA,2006,1,39.5,3,0,1,6,1,24.03493298,25.07493613,21.67035264
ZMB,2006,2,49,1,0,1,5,0,13.20627106,14.58855137,15.58094288
ZWE,2006,1,34.6,1,1,0,2,0,19.23011578,17.14823974,18.06379683
AGO,2007,0,33.1,3,0,0,1,3,5.242278337,5.191280189,5.060402948
BDI,2007,1,59.2,0,2,0,4,9,34.93417192,40.63768227,40.84812339
BEN,2007,1,35.9,2,0,0,4,3,26.97108697,26.63180343,26.6894285
BFA,2007,1,40.7,2,1,1,0,3,21.83948741,25.22897616,26.77091903
BWA,2007,1,27.8,2,3,0,0,3,2.240732656,2.048364708,1.828380524
CAF,2007,1,42.6,0,1,1,3,3,NA,NA,NA
CIV,2007,0,33.7,1,0,0,1,5,15.57874633,15.94479491,16.06518536
CMR,2007,2,35.5,0,1,0,3,3,15.85753191,15.6250818,16.73417685
COD,2007,1,44.6,1,2,0,3,9,21.6022053,21.21006065,21.57938225
COG,2007,3,28.3,1,1,1,3,6,4.919811081,4.813146418,6.104237867
COM,2007,1,37.5,2,0,0,0,3,28.95664626,29.37634063,29.37627389
ERI,2007,1,48,1,1,1,0,1,24.26598059,24.5999999,22.60000021
ETH,2007,2,48.1,0,2,0,1,2,42.26501219,42.52417012,41.17449856
GAB,2007,1,21.9,2,1,1,2,3,4.957830803,4.911200315,4.984638611
GHA,2007,3,28.2,0,1,0,3,2,27.29411448,28.94894567,37.45301293
GIN,2007,1,35.6,1,1,0,0,3,16.81970923,15.58456342,22.28106496
GMB,2007,1,25.6,0,2,1,0,2,23.56619704,25.60022584,32.09063281
GNB,2007,1,31.4,0,1,1,0,1,43.17569289,42.26040256,44.35828842
GNQ,2007,0,31.7,1,0,1,2,2,1.372884044,1.518255278,NA
KEN,2007,0,34.9,0,3,0,2,5,20.58666446,20.5196878,24.2362747
LBR,2007,1,39.9,0,1,0,0,3,65.59815004,63.81802502,66.03272919
LSO,2007,1,41.4,1,2,0,0,1,5.392479304,4.842764809,5.671130405
MDG,2007,1,50.7,2,0,0,4,1,28.06701329,30.18227172,30.76273393
MLI,2007,1,34.6,0,1,1,0,1,31.35287468,29.79050883,32.37848184
MOZ,2007,2,44.4,1,1,0,1,5,23.76611914,23.9025048,22.76743048
MRT,2007,1,30,0,0,0,2,1,18.43251928,16.60714389,20.07019672
MWI,2007,1,50.8,1,1,0,0,6,27.51127902,30.86732465,32.91457648
NAM,2007,0,27.7,3,3,0,0,0,8.440713665,9.646471039,10.36848875
NER,2007,1,50.3,0,1,1,1,2,37.09450644,39.74507858,39.28052013
NGA,2007,1,39.9,0,2,0,4,2,24.66257721,24.73499126,26.08928283
RWA,2007,1,48.8,0,3,0,4,8,26.08351546,30.04198743,33.79410695
SEN,2007,1,20.8,0,0,1,1,1,12.24591057,13.39515159,15.18039641
SLE,2007,1,39.1,0,1,0,1,3,52.17604718,50.29408713,49.39145138
SOM,2007,0,32.5,2,2,0,0,2,NA,NA,NA
STP,2007,2,22.5,1,0,0,1,1,9.42166267,8.765243075,8.723964732
SWZ,2007,0,33.5,1,4,1,2,2,10.75417526,11.18421584,10.9717566
SYC,2007,0,8.4,2,1,1,0,0,2.746664742,2.980658674,3.254551734
TCD,2007,0,40.9,0,1,1,2,3,54.67325498,55.77192044,53.81412435
TGO,2007,3,30.5,2,1,0,2,2,29.13972393,33.64337311,36.55005838
TZA,2007,0,42.6,0,3,0,3,11,23.24548824,23.66931073,24.64884108
UGA,2007,0,38.7,1,1,0,3,6,22.27811368,24.03493298,25.07493613
ZMB,2007,2,47.9,1,2,0,1,5,12.10559624,13.20627106,14.58855137
ZWE,2007,1,34.4,1,1,1,1,2,21.19768854,19.23011578,17.14823974
AGO,2008,0,32.3,0,0,0,3,1,4.805339317,5.242278337,5.191280189
BDI,2008,0,58.5,0,1,2,0,4,38.0048233,34.93417192,40.63768227
BEN,2008,3,35.6,0,1,0,2,4,26.82615619,26.97108697,26.63180343
BFA,2008,2,39.7,0,1,1,2,0,27.31428025,21.83948741,25.22897616
BWA,2008,1,27.2,1,1,3,2,0,2.526018242,2.240732656,2.048364708
CAF,2008,1,42.3,1,1,1,0,3,NA,NA,NA
CIV,2008,1,33.2,1,0,0,1,1,16.18548418,15.57874633,15.94479491
CMR,2008,1,34.8,2,2,1,0,3,16.00119189,15.85753191,15.6250818
COD,2008,0,44.2,0,1,2,1,3,22.61867976,21.6022053,21.21006065
COG,2008,2,27.2,0,3,1,1,3,4.248150972,4.919811081,4.813146418
COM,2008,2,36.7,1,1,0,2,0,29.13891501,28.95664626,29.37634063
ERI,2008,0,48.5,2,1,1,1,0,16.77630738,24.26598059,24.5999999
ETH,2008,2,46.9,0,2,2,0,1,45.18455837,42.26501219,42.52417012
GAB,2008,1,20.7,1,1,1,2,2,4.229842032,4.957830803,4.911200315
GHA,2008,2,27.1,0,3,1,0,3,29.40809676,27.29411448,28.94894567
GIN,2008,1,35.4,0,1,1,1,0,15.98000719,16.81970923,15.58456342
GMB,2008,1,25,0,1,2,0,0,29.77571152,23.56619704,25.60022584
GNB,2008,1,31.2,0,1,1,0,0,46.66771695,43.17569289,42.26040256
GNQ,2008,0,30.3,3,0,0,1,2,0.89269612,1.372884044,1.518255278
KEN,2008,0,33.6,1,0,3,0,2,22.19634016,20.58666446,20.5196878
LBR,2008,2,38.9,2,1,1,0,0,65.17456547,65.59815004,63.81802502
LSO,2008,0,41,0,1,2,1,0,5.512029958,5.392479304,4.842764809
MDG,2008,2,50.1,1,1,0,2,4,27.05257205,28.06701329,30.18227172
MLI,2008,1,33.7,0,1,1,0,0,32.97032081,31.35287468,29.79050883
MOZ,2008,1,43.8,0,2,1,1,1,26.41548795,23.76611914,23.9025048
MRT,2008,1,29.2,0,1,0,0,2,18.5594231,18.43251928,16.60714389
MWI,2008,1,49.5,0,1,1,1,0,29.97580655,27.51127902,30.86732465
NAM,2008,3,27.2,1,0,3,3,0,7.531686571,8.440713665,9.646471039
NER,2008,1,49.9,0,1,1,0,1,38.77500623,37.09450644,39.74507858
NGA,2008,2,39.6,1,1,2,0,4,25.27975078,24.66257721,24.73499126
RWA,2008,0,47.5,0,1,3,0,4,24.79353906,26.08351546,30.04198743
SEN,2008,1,20.5,1,1,0,0,1,14.68662702,12.24591057,13.39515159
SLE,2008,2,38.8,2,1,1,0,1,53.65350832,52.17604718,50.29408713
SOM,2008,0,32.4,2,0,2,2,0,NA,NA,NA
STP,2008,2,21.7,1,2,0,1,1,9.477674521,9.42166267,8.765243075
SWZ,2008,0,32.9,2,0,4,1,2,9.999453904,10.75417526,11.18421584
SYC,2008,0,8.3,0,0,1,2,0,2.568828031,2.746664742,2.980658674
TCD,2008,0,40.5,0,0,1,0,2,54.5898348,54.67325498,55.77192044
TGO,2008,1,29.9,0,3,1,2,2,38.90206949,29.13972393,33.64337311
TZA,2008,0,42.1,0,0,3,0,3,24.76549388,23.24548824,23.66931073
UGA,2008,0,37.8,1,0,1,1,3,21.38459856,22.27811368,24.03493298
ZMB,2008,1,46.7,0,2,2,1,1,11.45399975,12.10559624,13.20627106
ZWE,2008,2,34.4,0,1,1,1,1,19.02107406,21.19768854,19.23011578
AGO,2009,2,32,2,0,0,0,3,6.62119707,4.805339317,5.242278337
BDI,2009,0,57.9,0,0,1,0,0,36.72136414,38.0048233,34.93417192
BEN,2009,1,35.1,1,3,1,0,2,26.97895538,26.82615619,26.97108697
BFA,2009,1,38.5,0,2,1,0,2,23.20484713,27.31428025,21.83948741
BWA,2009,2,26.5,0,1,1,1,2,2.819081868,2.526018242,2.240732656
CAF,2009,0,42.1,5,1,1,1,0,38.33386816,NA,NA
CIV,2009,0,32.4,1,1,0,1,1,15.24958164,16.18548418,15.57874633
CMR,2009,2,34.2,4,1,2,2,0,16.38719035,16.00119189,15.85753191
COD,2009,2,43.9,2,0,1,0,1,23.6746667,22.61867976,21.6022053
COG,2009,0,26.2,0,2,3,0,1,5.279933275,4.248150972,4.919811081
COM,2009,0,35.8,2,2,1,1,2,30.0330064,29.13891501,28.95664626
ERI,2009,0,49,5,0,1,2,1,14.12422744,16.77630738,24.26598059
ETH,2009,0,45.8,6,2,2,0,0,45.88269426,45.18455837,42.26501219
GAB,2009,0,19.6,1,1,1,1,2,5.044169793,4.229842032,4.957830803
GHA,2009,1,26,1,2,3,0,0,30.99338421,29.40809676,27.29411448
GIN,2009,1,35.1,0,1,1,0,1,16.36061888,15.98000719,16.81970923
GMB,2009,1,24.4,0,1,1,0,0,31.73422579,29.77571152,23.56619704
GNB,2009,1,30.9,0,1,1,0,0,43.99991803,46.66771695,43.17569289
GNQ,2009,0,29,2,0,0,3,1,1.058199791,0.89269612,1.372884044
KEN,2009,0,32.2,9,0,0,1,0,16.25498147,22.19634016,20.58666446
LBR,2009,1,38.1,2,2,1,2,0,58.03574661,65.17456547,65.59815004
LSO,2009,1,40.4,0,0,1,0,1,6.152037497,5.512029958,5.392479304
MDG,2009,0,49.6,3,2,1,1,2,30.46514813,27.05257205,28.06701329
MLI,2009,1,32.9,2,1,1,0,0,31.73570631,32.97032081,31.35287468
MOZ,2009,0,43.4,0,1,2,0,1,27.47564948,26.41548795,23.76611914
MRT,2009,1,28.5,2,1,1,0,0,19.17818215,18.5594231,18.43251928
MWI,2009,0,48.2,1,1,1,0,1,30.42900297,29.97580655,27.51127902
NAM,2009,2,26.6,1,3,0,1,3,8.148144593,7.531686571,8.440713665
NER,2009,0,49.5,1,1,1,0,0,34.78481027,38.77500623,37.09450644
NGA,2009,1,39.2,0,2,1,1,0,26.74885451,25.27975078,24.66257721
RWA,2009,0,46,0,0,1,0,0,25.37103092,24.79353906,26.08351546
SEN,2009,1,20.1,0,1,1,1,0,16.10773362,14.68662702,12.24591057
SLE,2009,0,38.2,1,2,1,2,0,55.26088268,53.65350832,52.17604718
SOM,2009,1,32.1,5,0,0,2,2,NA,NA,NA
STP,2009,1,20.9,0,2,2,1,1,10.81444988,9.477674521,9.42166267
SWZ,2009,1,32.1,1,0,0,2,1,9.250385772,9.999453904,10.75417526
SYC,2009,0,8.2,3,0,0,0,2,2.256942686,2.568828031,2.746664742
TCD,2009,0,40.1,2,0,0,0,0,46.54939263,54.5898348,54.67325498
TGO,2009,1,29.3,1,1,3,0,2,30.9296085,38.90206949,29.13972393
TZA,2009,0,41.4,2,0,0,0,0,26.03519036,24.76549388,23.24548824
UGA,2009,0,36.9,4,0,0,1,1,34.05722624,21.38459856,22.27811368
ZMB,2009,1,45.4,1,1,2,0,1,11.55278363,11.45399975,12.10559624
ZWE,2009,1,34.2,0,2,1,0,1,10.74255023,19.02107406,21.19768854
AGO,2010,2,31.9,3,2,0,2,0,6.180293181,6.62119707,4.805339317
BDI,2010,1,57.4,5,0,0,0,0,38.43054529,36.72136414,38.0048233
BEN,2010,2,34.6,2,1,3,1,0,25.8411355,26.97895538,26.82615619
BFA,2010,1,37.1,3,1,2,0,0,24.14338662,23.20484713,27.31428025
BWA,2010,2,25.9,0,2,1,0,1,2.488037862,2.819081868,2.526018242
CAF,2010,2,41.8,2,0,1,5,1,37.3635796,38.33386816,NA
CIV,2010,2,31.4,2,0,1,1,1,17.48891707,15.24958164,16.18548418
CMR,2010,1,33.6,2,2,1,4,2,17.26971088,16.38719035,16.00119189
COD,2010,1,43.6,3,2,0,2,0,21.42849112,23.6746667,22.61867976
COG,2010,2,25.1,4,0,2,0,0,4.038534521,5.279933275,4.248150972
COM,2010,1,34.7,4,0,2,2,1,30.4160595,30.0330064,29.13891501
ERI,2010,0,49.4,5,0,0,5,2,NA,14.12422744,16.77630738
ETH,2010,2,44.7,3,0,2,6,0,41.44682007,45.88269426,45.18455837
GAB,2010,1,18.8,4,0,1,1,1,3.914454417,5.044169793,4.229842032
GHA,2010,3,24.8,3,1,2,1,0,28.03873796,30.99338421,29.40809676
GIN,2010,1,34.7,3,1,1,0,0,17.48494873,16.36061888,15.98000719
GMB,2010,2,23.7,3,1,1,0,0,35.19324349,31.73422579,29.77571152
GNB,2010,1,30.5,3,1,1,0,0,45.0880468,43.99991803,46.66771695
GNQ,2010,0,27.8,3,0,0,2,3,1.061371286,1.058199791,0.89269612
KEN,2010,1,30.7,3,0,0,9,1,17.56775989,16.25498147,22.19634016
LBR,2010,2,37.3,4,1,2,2,2,44.80003003,58.03574661,65.17456547
LSO,2010,2,39.7,3,1,0,0,0,4.862223727,6.152037497,5.512029958
MDG,2010,1,49.1,4,0,2,3,1,29.07809635,30.46514813,27.05257205
MLI,2010,1,32.2,3,1,1,2,0,33.01683003,31.73570631,32.97032081
MOZ,2010,0,43.1,2,0,1,0,0,26.84576597,27.47564948,26.41548795
MRT,2010,2,27.9,5,1,1,2,0,16.7330487,19.17818215,18.5594231
MWI,2010,1,46.8,3,0,1,1,0,29.61487225,30.42900297,29.97580655
NAM,2010,1,25.9,1,2,3,1,1,8.455369441,8.148144593,7.531686571
NER,2010,1,49.2,4,0,1,1,0,35.82138796,34.78481027,38.77500623
NGA,2010,1,38.8,5,1,2,0,1,23.89370409,26.74885451,25.27975078
RWA,2010,1,44.1,5,0,0,0,0,24.32793451,25.37103092,24.79353906
SEN,2010,2,19.9,3,1,1,0,1,15.94526154,16.10773362,14.68662702
SLE,2010,2,37.4,4,0,2,1,2,52.94268026,55.26088268,53.65350832
SOM,2010,1,31.9,3,1,0,5,2,NA,NA,NA
STP,2010,1,20.1,3,1,2,0,1,11.26200842,10.81444988,9.477674521
SWZ,2010,0,31.1,1,1,0,1,2,10.15621273,9.250385772,9.999453904
SYC,2010,0,8.1,6,0,0,3,0,2.260877403,2.256942686,2.568828031
TCD,2010,2,39.6,4,0,0,2,0,51.94562302,46.54939263,54.5898348
TGO,2010,2,28.6,2,1,1,1,0,28.73929888,30.9296085,38.90206949
TZA,2010,0,40.6,3,0,0,2,0,25.58240689,26.03519036,24.76549388
UGA,2010,0,36,5,0,0,4,1,32.30043413,34.05722624,21.38459856
ZMB,2010,2,44,2,1,1,1,0,9.42094611,11.55278363,11.45399975
ZWE,2010,1,33.7,1,1,2,0,0,9.609863269,10.74255023,19.02107406
AGO,2011,3,32,0,2,2,3,2,5.845680969,6.180293181,6.62119707
BDI,2011,1,57,0,1,0,5,0,36.704576,38.43054529,36.72136414
BEN,2011,1,34.1,1,2,1,2,1,25.79700083,25.8411355,26.97895538
BFA,2011,1,35.5,1,1,1,3,0,23.04365045,24.14338662,23.20484713
BWA,2011,2,25.2,0,2,2,0,0,2.51091768,2.488037862,2.819081868
CAF,2011,0,41.6,0,2,0,2,5,37.56902278,37.3635796,38.33386816
CIV,2011,0,30.6,1,2,0,2,1,18.48667149,17.48891707,15.24958164
CMR,2011,2,33.1,0,1,2,2,4,16.69739074,17.26971088,16.38719035
COD,2011,1,43.1,1,1,2,3,2,20.91707601,21.42849112,23.6746667
COG,2011,2,24.1,0,2,0,4,0,3.983936192,4.038534521,5.279933275
COM,2011,1,33.5,2,1,0,4,2,30.56422084,30.4160595,30.0330064
ERI,2011,0,49.8,1,0,0,5,5,NA,NA,14.12422744
ETH,2011,1,43.7,2,2,0,3,6,41.24996386,41.44682007,45.88269426
GAB,2011,1,17.8,0,1,0,4,1,3.43228978,3.914454417,5.044169793
GHA,2011,3,23.5,0,3,1,3,1,23.66370497,28.03873796,30.99338421
GIN,2011,1,34.3,0,1,1,3,0,16.06974963,17.48494873,16.36061888
GMB,2011,1,23.1,0,2,1,3,0,27.20242061,35.19324349,31.73422579
GNB,2011,1,30,0,1,1,3,0,45.02245856,45.0880468,43.99991803
GNQ,2011,1,26.7,0,0,0,3,2,1.053502388,1.061371286,1.058199791
KEN,2011,1,29.2,4,1,0,3,9,18.89471122,17.56775989,16.25498147
LBR,2011,1,36.5,0,2,1,4,2,44.30050042,44.80003003,58.03574661
LSO,2011,1,38.8,1,2,1,3,0,4.543930319,4.862223727,6.152037497
MDG,2011,0,48.5,2,1,0,4,3,29.05020576,29.07809635,30.46514813
MLI,2011,1,31.5,1,1,1,3,2,34.55863058,33.01683003,31.73570631
MOZ,2011,1,43,0,0,0,2,0,25.75152927,26.84576597,27.47564948
MRT,2011,1,27.4,2,2,1,5,2,14.51589474,16.7330487,19.17818215
MWI,2011,0,45.3,0,1,0,3,1,28.77238042,29.61487225,30.42900297
NAM,2011,4,24.9,0,1,2,1,1,8.113627203,8.455369441,8.148144593
NER,2011,0,48.7,1,1,0,4,1,33.64676428,35.82138796,34.78481027
NGA,2011,1,38.4,1,1,1,5,0,22.23471099,23.89370409,26.74885451
RWA,2011,0,42.2,0,1,0,5,0,23.85008275,24.32793451,25.37103092
SEN,2011,1,19.8,0,2,1,3,0,12.94706104,15.94526154,16.10773362
SLE,2011,1,36.4,0,2,0,4,1,54.59346587,52.94268026,55.26088268
SOM,2011,1,31.5,2,1,1,3,5,NA,NA,NA
STP,2011,1,19.3,0,1,1,3,0,11.30013216,11.26200842,10.81444988
SWZ,2011,0,30.1,1,0,1,1,1,9.71988392,10.15621273,9.250385772
SYC,2011,1,8.1,3,0,0,6,3,2.221376932,2.260877403,2.256942686
TCD,2011,1,39.2,1,2,0,4,2,51.19620013,51.94562302,46.54939263
TGO,2011,0,27.9,0,2,1,2,1,29.87507362,28.73929888,30.9296085
TZA,2011,2,39.5,0,0,0,3,2,24.97686445,25.58240689,26.03519036
UGA,2011,1,35,1,0,0,5,4,28.69736875,32.30043413,34.05722624
ZMB,2011,1,42.6,0,2,1,2,1,9.648057822,9.42094611,11.55278363
ZWE,2011,2,32.8,0,1,1,1,0,8.665865173,9.609863269,10.74255023
AGO,2012,0,32.4,0,3,2,0,3,6.069630075,5.845680969,6.180293181
BDI,2012,0,56.8,0,1,1,0,5,35.4205377,36.704576,38.43054529
BEN,2012,0,33.8,0,1,2,1,2,25.76897583,25.79700083,25.8411355
BFA,2012,2,33.9,1,1,1,1,3,23.75600502,23.04365045,24.14338662
BWA,2012,0,24.4,0,2,2,0,0,2.69526989,2.51091768,2.488037862
CAF,2012,2,41.4,0,0,2,0,2,36.81416647,37.56902278,37.3635796
CIV,2012,0,29.3,1,0,2,1,2,16.37514988,18.48667149,17.48891707
CMR,2012,1,32.5,0,2,1,0,2,16.65724017,16.69739074,17.26971088
COD,2012,2,42.8,0,1,1,1,3,20.44106071,20.91707601,21.42849112
COG,2012,1,23.4,0,2,2,0,4,3.798774923,3.983936192,4.038534521
COM,2012,2,32.3,1,1,1,2,4,30.17296341,30.56422084,30.4160595
ERI,2012,0,50.1,0,0,0,1,5,NA,NA,NA
ETH,2012,2,42.8,1,1,2,2,3,44.33094275,41.24996386,41.44682007
GAB,2012,2,17.2,0,1,1,0,4,3.353697777,3.43228978,3.914454417
GHA,2012,1,22.2,0,3,3,0,3,22.13115469,23.66370497,28.03873796
GIN,2012,0,33.8,1,1,1,0,3,16.83167319,16.06974963,17.48494873
GMB,2012,2,22.4,1,1,2,0,3,27.39357146,27.20242061,35.19324349
GNB,2012,1,29.7,1,1,1,0,3,46.89249801,45.02245856,45.0880468
GNQ,2012,1,25.5,0,1,0,0,3,1.055657092,1.053502388,1.061371286
KEN,2012,1,27.8,0,1,1,4,3,18.82972593,18.89471122,17.56775989
LBR,2012,2,35.6,0,1,2,0,4,46.71272963,44.30050042,44.80003003
LSO,2012,1,37.7,0,1,2,1,3,4.8953086,4.543930319,4.862223727
MDG,2012,1,47.9,1,0,1,2,4,28.00061236,29.05020576,29.07809635
MLI,2012,1,30.9,1,1,1,1,3,38.11410248,34.55863058,33.01683003
MOZ,2012,1,42.9,2,1,0,0,2,24.91451109,25.75152927,26.84576597
MRT,2012,1,27,1,1,2,2,5,16.08596076,14.51589474,16.7330487
MWI,2012,1,43.8,3,0,1,0,3,28.28892624,28.77238042,29.61487225
NAM,2012,2,24.1,0,4,1,0,1,8.0544752,8.113627203,8.455369441
NER,2012,1,48.3,0,0,1,1,4,33.68099382,33.64676428,35.82138796
NGA,2012,0,38,0,1,1,1,5,21.85995862,22.23471099,23.89370409
RWA,2012,1,40.5,1,0,1,0,5,24.77932956,23.85008275,24.32793451
SEN,2012,2,19.8,1,1,2,0,3,14.09769235,12.94706104,15.94526154
SLE,2012,0,35.4,0,1,2,0,4,50.59211664,54.59346587,52.94268026
SOM,2012,0,31.1,2,1,1,2,3,NA,NA,NA
STP,2012,1,18.3,0,1,1,0,3,11.50249485,11.30013216,11.26200842
SWZ,2012,0,29.2,1,0,0,1,1,10.20333564,9.71988392,10.15621273
SYC,2012,0,8,1,1,0,3,6,2.044812859,2.221376932,2.260877403
TCD,2012,2,38.7,0,1,2,1,4,54.89981381,51.19620013,51.94562302
TGO,2012,0,27.4,0,0,2,0,2,42.52391813,29.87507362,28.73929888
TZA,2012,0,38.3,1,2,0,0,3,26.55092652,24.97686445,25.58240689
UGA,2012,3,34.1,0,1,0,1,5,26.93267196,28.69736875,32.30043413
ZMB,2012,1,41.3,0,1,2,0,2,9.321639536,9.648057822,9.42094611
ZWE,2012,0,31.4,1,2,1,0,1,8.044517527,8.665865173,9.609863269
AGO,2013,1,32.9,2,0,3,0,0,6.50749254,6.069630075,5.845680969
BDI,2013,3,56.6,1,0,1,0,0,38.3671082,35.4205377,36.704576
BEN,2013,0,33.5,1,0,1,0,1,25.27540464,25.76897583,25.79700083
BFA,2013,1,32.2,1,2,1,1,1,23.64109279,23.75600502,23.04365045
BWA,2013,1,23.9,0,0,2,0,0,2.29859284,2.69526989,2.51091768
CAF,2013,1,41.6,0,2,0,0,0,32.25890625,36.81416647,37.56902278
CIV,2013,0,28,0,0,0,1,1,15.34290194,16.37514988,18.48667149
CMR,2013,1,32,0,1,2,0,0,16.72366119,16.65724017,16.69739074
COD,2013,4,42.4,3,2,1,0,1,19.31666763,20.44106071,20.91707601
COG,2013,1,22.7,0,1,2,0,0,4.260083078,3.798774923,3.983936192
COM,2013,2,31,0,2,1,1,2,30.78986256,30.17296341,30.56422084
ERI,2013,0,50.3,5,0,0,0,1,NA,NA,NA
ETH,2013,2,41.8,2,2,1,1,2,41.23950553,44.33094275,41.24996386
GAB,2013,2,16.8,0,2,1,0,0,3.329080651,3.353697777,3.43228978
GHA,2013,0,21,0,1,3,0,0,20.36984254,22.13115469,23.66370497
GIN,2013,1,33.4,1,0,1,1,0,17.54527212,16.83167319,16.06974963
GMB,2013,1,21.8,0,2,1,1,0,26.22212251,27.39357146,27.20242061
GNB,2013,1,29.3,0,1,1,1,0,44.13561101,46.89249801,45.02245856
GNQ,2013,1,24.8,0,1,1,0,0,1.19199068,1.055657092,1.053502388
KEN,2013,1,26.5,0,1,1,0,4,18.61655159,18.82972593,18.89471122
LBR,2013,0,34.6,0,2,1,0,0,39.52996195,46.71272963,44.30050042
LSO,2013,0,36.4,0,1,1,0,1,5.064362952,4.8953086,4.543930319
MDG,2013,0,47.1,1,1,0,1,2,26.49303398,28.00061236,29.05020576
MLI,2013,1,30.4,2,1,1,1,1,36.75281627,38.11410248,34.55863058
MOZ,2013,1,42.7,1,1,1,2,0,23.50395072,24.91451109,25.75152927
MRT,2013,2,26.7,1,1,1,1,2,16.28260111,16.08596076,14.51589474
MWI,2013,0,42.4,1,1,0,3,0,28.67364219,28.28892624,28.77238042
NAM,2013,1,23.3,0,2,4,0,0,7.821464901,8.0544752,8.113627203
NER,2013,1,47.7,1,1,0,0,1,32.23501073,33.68099382,33.64676428
NGA,2013,0,37.6,1,0,1,0,1,20.75862283,21.85995862,22.23471099
RWA,2013,1,39,1,1,0,1,0,24.93369409,24.77932956,23.85008275
SEN,2013,2,19.8,1,2,1,1,0,13.72488038,14.09769235,12.94706104
SLE,2013,1,34.3,0,0,1,0,0,47.98330898,50.59211664,54.59346587
SOM,2013,2,30.7,1,0,1,2,2,NA,NA,NA
STP,2013,1,17.4,1,1,1,0,0,12.03395966,11.50249485,11.30013216
SWZ,2013,1,28.2,1,0,0,1,1,10.11581049,10.20333564,9.71988392
SYC,2013,1,8,4,0,1,1,3,2.667339015,2.044812859,2.221376932
TCD,2013,1,38.4,1,2,1,0,1,50.04519248,54.89981381,51.19620013
TGO,2013,0,26.9,1,0,0,0,0,37.51484194,42.52391813,29.87507362
TZA,2013,0,37.1,0,0,2,1,0,26.79086792,26.55092652,24.97686445
UGA,2013,0,32.9,2,3,1,0,1,26.04318783,26.93267196,28.69736875
ZMB,2013,1,40.1,2,1,1,0,0,8.226523184,9.321639536,9.648057822
ZWE,2013,2,29.7,1,0,2,1,0,7.144479446,8.044517527,8.665865173
AGO,2014,1,33.6,1,1,0,2,0,7.547056779,6.50749254,6.069630075
BDI,2014,0,56.4,1,3,0,1,0,34.95819234,38.3671082,35.4205377
BEN,2014,0,33.3,1,0,0,1,0,25.61845297,25.27540464,25.76897583
BFA,2014,1,30.7,0,1,2,1,1,23.69377277,23.64109279,23.75600502
BWA,2014,4,23.6,0,1,0,0,0,1.798135183,2.29859284,2.69526989
CAF,2014,0,41.7,2,1,2,0,0,33.98562172,32.25890625,36.81416647
CIV,2014,0,26.7,1,0,0,0,1,15.24175553,15.34290194,16.37514988
CMR,2014,0,31.4,1,1,1,0,0,16.82583818,16.72366119,16.65724017
COD,2014,2,42,2,4,2,3,0,18.56251731,19.31666763,20.44106071
COG,2014,0,22,0,1,1,0,0,4.547214356,4.260083078,3.798774923
COM,2014,2,29.8,0,2,2,0,1,30.01153359,30.78986256,30.17296341
ERI,2014,0,50.3,2,0,0,5,0,NA,NA,NA
ETH,2014,0,41,1,2,2,2,1,38.52044969,41.23950553,44.33094275
GAB,2014,1,16.4,0,2,2,0,0,3.62120477,3.329080651,3.353697777
GHA,2014,1,19.8,1,0,1,0,0,19.58377286,20.36984254,22.13115469
GIN,2014,0,33.1,0,1,0,1,1,17.52381638,17.54527212,16.83167319
GMB,2014,0,21.1,3,1,2,0,1,22.45883917,26.22212251,27.39357146
GNB,2014,1,29.1,2,1,1,0,1,41.13234659,44.13561101,46.89249801
GNQ,2014,0,24,0,1,1,0,0,1.294248772,1.19199068,1.055657092
KEN,2014,0,25.4,2,1,1,0,0,18.34783934,18.61655159,18.82972593
LBR,2014,1,34.3,0,0,2,0,0,36.49908298,39.52996195,46.71272963
LSO,2014,1,35.4,1,0,1,0,0,3.960714536,5.064362952,4.8953086
MDG,2014,3,46.2,0,0,1,1,1,25.84538293,26.49303398,28.00061236
MLI,2014,1,29.8,0,1,1,2,1,37.45676774,36.75281627,38.11410248
MOZ,2014,1,42.3,0,1,1,1,2,23.93493466,23.50395072,24.91451109
MRT,2014,1,26.3,1,2,1,1,1,18.81420596,16.28260111,16.08596076
MWI,2014,1,41.2,3,0,1,1,3,28.70269876,28.67364219,28.28892624
NAM,2014,2,22.5,0,1,2,0,0,8.138935754,7.821464901,8.0544752
NER,2014,0,47.4,2,1,1,1,0,33.42904423,32.23501073,33.68099382
NGA,2014,0,37.3,1,0,0,1,0,19.99025477,20.75862283,21.85995862
RWA,2014,0,37.8,0,1,1,1,1,24.70156772,24.93369409,24.77932956
SEN,2014,0,19.7,2,2,2,1,1,13.36876508,13.72488038,14.09769235
SLE,2014,2,33.4,0,1,0,0,0,51.79252867,47.98330898,50.59211664
SOM,2014,0,30.2,1,2,0,1,2,NA,NA,NA
STP,2014,0,16.4,2,1,1,1,0,11.37588673,12.03395966,11.50249485
SWZ,2014,0,27.2,0,1,0,1,1,9.234248843,10.11581049,10.20333564
SYC,2014,0,8,2,1,0,4,1,2.369696687,2.667339015,2.044812859
TCD,2014,1,37.9,1,1,2,1,0,50.64757656,50.04519248,54.89981381
TGO,2014,1,26.5,1,0,0,1,0,25.6848698,37.51484194,42.52391813
TZA,2014,0,36.1,1,0,0,0,1,25.80257745,26.79086792,26.55092652
UGA,2014,0,31.8,2,0,3,2,0,24.86325629,26.04318783,26.93267196
ZMB,2014,0,38.9,0,1,1,2,0,6.779597852,8.226523184,9.321639536
ZWE,2014,2,28.2,0,2,0,1,1,8.745304229,7.144479446,8.044517527
AGO,2015,1,34.4,2,1,1,1,2,9.122534471,7.547056779,6.50749254
BDI,2015,4,56.3,1,0,3,1,1,30.68083011,34.95819234,38.3671082
BEN,2015,1,33.2,2,0,0,1,1,26.39208509,25.61845297,25.27540464
BFA,2015,3,29.3,2,1,1,0,1,22.63307521,23.69377277,23.64109279
BWA,2015,0,23.5,5,4,1,0,0,1.940901212,1.798135183,2.29859284
CAF,2015,0,41.7,4,0,1,2,0,31.52738103,33.98562172,32.25890625
CIV,2015,0,25.3,3,0,0,1,0,18.36220725,15.24175553,15.34290194
CMR,2015,2,30.8,3,0,1,1,0,17.2094159,16.82583818,16.72366119
COD,2015,2,41.7,3,2,4,2,3,18.3703885,18.56251731,19.31666763
COG,2015,1,21.5,2,0,1,0,0,5.93644272,4.547214356,4.260083078
COM,2015,1,28.7,5,2,2,0,0,30.59862821,30.01153359,30.78986256
ERI,2015,0,50.4,6,0,0,2,5,NA,NA,NA
ETH,2015,0,40.1,7,0,2,1,2,36.05697539,38.52044969,41.23950553
GAB,2015,0,15.9,1,1,2,0,0,4.311629044,3.62120477,3.329080651
GHA,2015,0,18.9,3,1,0,1,0,19.9826507,19.58377286,20.36984254
GIN,2015,1,32.7,3,0,1,0,1,18.47824205,17.52381638,17.54527212
GMB,2015,2,20.4,1,0,1,3,0,22.20888602,22.45883917,26.22212251
GNB,2015,1,28.9,1,1,1,2,0,46.78812527,41.13234659,44.13561101
GNQ,2015,0,23.4,1,0,1,0,0,1.888390876,1.294248772,1.19199068
KEN,2015,2,24.3,4,0,1,2,0,19.46961478,18.34783934,18.61655159
LBR,2015,0,33.3,2,1,0,0,0,34.40375446,36.49908298,39.52996195
LSO,2015,0,34.4,4,1,0,1,0,3.781795521,3.960714536,5.064362952
MDG,2015,1,45.3,3,3,0,0,1,25.74335433,25.84538293,26.49303398
MLI,2015,1,29.1,3,1,1,0,2,37.72325687,37.45676774,36.75281627
MOZ,2015,0,41.7,4,1,1,0,1,22.9161876,23.93493466,23.50395072
MRT,2015,2,26,2,1,2,1,1,20.62974539,18.81420596,16.28260111
MWI,2015,0,40.2,4,1,0,3,1,27.48122386,28.70269876,28.67364219
NAM,2015,0,21.7,5,2,1,0,0,6.650426796,8.138935754,7.821464901
NER,2015,1,47.2,4,0,1,2,1,32.41699527,33.42904423,32.23501073
NGA,2015,1,37,4,0,0,1,1,20.63189348,19.99025477,20.75862283
RWA,2015,1,36.7,2,0,1,0,1,23.9937393,24.70156772,24.93369409
SEN,2015,2,19.5,1,0,2,2,1,14.28257673,13.36876508,13.72488038
SLE,2015,0,32.6,3,2,1,0,0,58.6518937,51.79252867,47.98330898
SOM,2015,1,29.7,7,0,2,1,1,NA,NA,NA
STP,2015,0,15.6,3,0,1,2,1,11.94616949,11.37588673,12.03395966
SWZ,2015,0,26.4,6,0,1,0,1,9.354311403,9.234248843,10.11581049
SYC,2015,0,7.9,10,0,1,2,4,2.045977369,2.369696687,2.667339015
TCD,2015,1,37.4,5,1,1,1,1,50.3955823,50.64757656,50.04519248
TGO,2015,0,26,2,1,0,1,1,24.37400299,25.6848698,37.51484194
TZA,2015,1,35.3,4,0,0,1,0,26.74588573,25.80257745,26.79086792
UGA,2015,3,30.7,4,0,0,2,2,23.53781298,24.86325629,26.04318783
ZMB,2015,0,37.6,4,0,1,0,2,4.980836564,6.779597852,8.226523184
ZWE,2015,0,26.8,3,2,2,0,1,8.284246903,8.745304229,7.144479446
AGO,2016,1,35.2,6,1,1,2,1,9.831168609,9.122534471,7.547056779
BDI,2016,1,56.3,1,4,0,1,1,31.54433409,30.68083011,34.95819234
BEN,2016,0,32.9,3,1,0,2,1,27.7536355,26.39208509,25.61845297
BFA,2016,2,28.3,4,3,1,2,0,21.71471783,22.63307521,23.69377277
BWA,2016,2,23.5,5,0,4,5,0,1.97587615,1.940901212,1.798135183
CAF,2016,0,41.6,4,0,0,4,2,31.91899149,31.52738103,33.98562172
CIV,2016,0,23.5,5,0,0,3,1,19.74037037,18.36220725,15.24175553
CMR,2016,1,30.2,3,2,0,3,1,17.19266239,17.2094159,16.82583818
COD,2016,1,41.7,4,2,2,3,2,18.59975364,18.3703885,18.56251731
COG,2016,1,21,4,1,0,2,0,7.00769254,5.93644272,4.547214356
COM,2016,2,27.4,3,1,2,5,0,31.36847203,30.59862821,30.01153359
ERI,2016,1,50.3,4,0,0,6,2,NA,NA,NA
ETH,2016,2,39.2,5,0,0,7,1,34.6988796,36.05697539,38.52044969
GAB,2016,2,15.6,7,0,1,1,0,4.97313691,4.311629044,3.62120477
GHA,2016,1,17.9,3,0,1,3,1,20.84429315,19.9826507,19.58377286
GIN,2016,2,32.2,6,1,0,3,0,17.58994666,18.47824205,17.52381638
GMB,2016,1,19.6,4,2,0,1,3,21.86137936,22.20888602,22.45883917
GNB,2016,0,28.9,5,1,1,1,2,46.34835901,46.78812527,41.13234659
GNQ,2016,0,22.8,5,0,0,1,0,2.332239209,1.888390876,1.294248772
KEN,2016,1,23.4,4,2,0,4,2,20.03451643,19.46961478,18.34783934
LBR,2016,1,32.3,2,0,1,2,0,35.91871351,34.40375446,36.49908298
LSO,2016,0,33.8,2,0,1,4,1,5.71207766,3.781795521,3.960714536
MDG,2016,3,44.4,2,1,3,3,0,25.13345436,25.74335433,25.84538293
MLI,2016,1,28.4,1,1,1,3,0,37.403703,37.72325687,37.45676774
MOZ,2016,0,40.8,7,0,1,4,0,22.85457446,22.9161876,23.93493466
MRT,2016,1,25.7,2,2,1,2,1,21.739169,20.62974539,18.81420596
MWI,2016,0,39.5,6,0,1,4,3,25.92704341,27.48122386,28.70269876
NAM,2016,0,20.8,8,0,2,5,0,6.720117635,6.650426796,8.138935754
NER,2016,0,47.1,4,1,0,4,2,35.26295821,32.41699527,33.42904423
NGA,2016,1,36.7,3,1,0,4,1,20.98310971,20.63189348,19.99025477
RWA,2016,2,35.9,2,1,0,2,0,25.16605039,23.9937393,24.70156772
SEN,2016,1,19.2,3,2,0,1,2,14.41402039,14.28257673,13.36876508
SLE,2016,2,31.7,3,0,2,3,0,58.20874133,58.6518937,51.79252867
SOM,2016,0,29.3,4,1,0,7,1,NA,NA,NA
STP,2016,0,14.7,3,0,0,3,2,11.39767885,11.94616949,11.37588673
SWZ,2016,1,25.6,2,0,0,6,0,8.959862917,9.354311403,9.234248843
SYC,2016,1,7.8,5,0,0,10,2,2.010871146,2.045977369,2.369696687
TCD,2016,0,36.9,4,1,1,5,1,46.12580311,50.3955823,50.64757656
TGO,2016,1,25.6,3,0,1,2,1,20.75798341,24.37400299,25.6848698
TZA,2016,2,34.8,2,1,0,4,1,27.44414257,26.74588573,25.80257745
UGA,2016,1,29.9,4,3,0,4,2,22.66032279,23.53781298,24.86325629
ZMB,2016,0,36.2,4,0,0,4,0,6.22847199,4.980836564,6.779597852
ZWE,2016,1,25.8,4,0,2,3,0,7.873985821,8.284246903,8.745304229
AGO,2017,1,36.1,2,1,1,6,2,10.01699591,9.831168609,9.122534471
BDI,2017,0,56.5,3,1,4,1,1,28.54664701,31.54433409,30.68083011
BEN,2017,2,32.7,2,0,1,3,2,28.48901653,27.7536355,26.39208509
BFA,2017,1,27.4,1,2,3,4,2,20.58558722,21.71471783,22.63307521
BWA,2017,2,23.6,2,2,0,5,5,1.843897077,1.97587615,1.940901212
CAF,2017,0,41.4,3,0,0,4,4,32.79017123,31.91899149,31.52738103
CIV,2017,1,22,4,0,0,5,3,18.73748665,19.74037037,18.36220725
CMR,2017,0,29.5,2,1,2,3,3,16.69294182,17.19266239,17.2094159
COD,2017,3,41.6,1,1,2,4,3,19.7026975,18.59975364,18.3703885
COG,2017,2,20.3,1,1,1,4,2,7.424713125,7.00769254,5.93644272
COM,2017,2,26.2,4,2,1,3,5,31.89888687,31.36847203,30.59862821
ERI,2017,0,50.2,6,1,0,4,6,NA,NA,NA
ETH,2017,2,38.2,6,2,0,5,7,33.77928067,34.6988796,36.05697539
GAB,2017,2,15.4,2,2,0,7,1,5.265764844,4.97313691,4.311629044
GHA,2017,1,17,2,1,0,3,3,19.56170972,20.84429315,19.9826507
GIN,2017,1,31.5,4,2,1,6,3,20.52847253,17.58994666,18.47824205
GMB,2017,1,18.8,4,1,2,4,1,21.00189469,21.86137936,22.20888602
GNB,2017,1,28.8,4,0,1,5,1,49.15780779,46.34835901,46.78812527
GNQ,2017,1,22,3,0,0,5,1,2.315463397,2.332239209,1.888390876
KEN,2017,0,22.5,4,1,2,4,4,20.89363741,20.03451643,19.46961478
LBR,2017,2,31.3,1,1,0,2,2,35.94261592,35.91871351,34.40375446
LSO,2017,1,33.2,1,0,0,2,4,4.964821378,5.71207766,3.781795521
MDG,2017,2,43.4,5,3,1,2,3,24.55013777,25.13345436,25.74335433
MLI,2017,1,27.7,2,1,1,1,3,37.43243963,37.403703,37.72325687
MOZ,2017,1,40,1,0,0,7,4,25.04368115,22.85457446,22.9161876
MRT,2017,0,25.5,5,1,2,2,2,22.71874791,21.739169,20.62974539
MWI,2017,1,39.1,3,0,0,6,4,22.92623863,25.92704341,27.48122386
NAM,2017,2,20.1,2,0,0,8,5,7.676156215,6.720117635,6.650426796
NER,2017,0,47,0,0,1,4,4,35.81687722,35.26295821,32.41699527
NGA,2017,1,36.5,0,1,1,3,4,20.84657143,20.98310971,20.63189348
RWA,2017,0,35.1,3,2,1,2,2,26.34544257,25.16605039,23.9937393
SEN,2017,1,18.7,5,1,2,3,1,14.98203382,14.41402039,14.28257673
SLE,2017,1,30.6,5,2,0,3,3,60.6110904,58.20874133,58.6518937
SOM,2017,0,28.8,7,0,1,4,7,NA,NA,NA
STP,2017,0,13.8,3,0,0,3,3,10.87890247,11.39767885,11.94616949
SWZ,2017,0,24.7,2,1,0,2,6,8.427761974,8.959862917,9.354311403
SYC,2017,0,7.8,6,1,0,5,10,1.876054771,2.010871146,2.045977369
TCD,2017,2,36.4,1,0,1,4,5,48.61308641,46.12580311,50.3955823
TGO,2017,1,25.2,3,1,0,3,2,20.63860852,20.75798341,24.37400299
TZA,2017,0,34.2,4,2,1,2,4,28.74208607,27.44414257,26.74588573
UGA,2017,0,29.3,2,1,3,4,4,23.45883538,22.66032279,23.53781298
ZMB,2017,2,35,1,0,0,4,4,4.024271194,6.22847199,4.980836564
ZWE,2017,2,24.9,0,1,0,4,3,8.340968872,7.873985821,8.284246903
AGO,2018,1,36.8,7,1,1,2,6,8.607741762,10.01699591,9.831168609
BDI,2018,3,56.8,1,0,1,3,1,29.01190049,28.54664701,31.54433409
BEN,2018,1,32.4,0,2,0,2,3,28.06477391,28.48901653,27.7536355
BFA,2018,1,26.7,0,1,2,1,4,20.99747328,20.58558722,21.71471783
BWA,2018,1,23.5,3,2,2,2,5,2.055350722,1.843897077,1.97587615
CAF,2018,0,41,1,0,0,3,4,31.24133151,32.79017123,31.91899149
CIV,2018,0,20.6,2,1,0,4,5,20.54857036,18.73748665,19.74037037
CMR,2018,1,28.9,1,0,1,2,3,16.4988007,16.69294182,17.19266239
COD,2018,3,41.5,1,3,1,1,4,19.05648456,19.7026975,18.59975364
COG,2018,1,19.6,3,2,1,1,4,6.909114704,7.424713125,7.00769254
COM,2018,2,24.9,2,2,2,4,3,33.72015306,31.89888687,31.36847203
ERI,2018,0,49.9,5,0,1,6,4,NA,NA,NA
ETH,2018,2,37.3,1,2,2,6,5,31.11192916,33.77928067,34.6988796
GAB,2018,2,15.1,0,2,2,2,7,5.435952803,5.265764844,4.97313691
GHA,2018,1,16.1,1,1,1,2,3,18.13655055,19.56170972,20.84429315
GIN,2018,1,30.9,3,1,2,4,6,22.32593095,20.52847253,17.58994666
GMB,2018,2,17.9,1,1,1,4,4,19.87159618,21.00189469,21.86137936
GNB,2018,1,28.7,1,1,0,4,5,30.72370337,49.15780779,46.34835901
GNQ,2018,0,21.2,1,1,0,3,5,2.257979677,2.315463397,2.332239209
KEN,2018,3,21.5,0,0,1,4,4,20.31491042,20.89363741,20.03451643
LBR,2018,1,30.3,3,2,1,1,2,35.49669991,35.94261592,35.91871351
LSO,2018,2,32.9,1,1,0,1,2,4.32156306,4.964821378,5.71207766
MDG,2018,3,42.4,2,2,3,5,2,23.9733833,24.55013777,25.13345436
MLI,2018,1,27,1,1,1,2,1,37.61244316,37.43243963,37.403703
MOZ,2018,1,39.2,2,1,0,1,7,24.56767288,25.04368115,22.85457446
MRT,2018,1,25.1,0,0,1,5,2,23.33066332,22.71874791,21.739169
MWI,2018,0,38.5,3,1,0,3,6,21.62943584,22.92623863,25.92704341
NAM,2018,1,19.5,7,2,0,2,8,7.768297709,7.676156215,6.720117635
NER,2018,1,46.9,2,0,0,0,4,37.66166253,35.81687722,35.26295821
NGA,2018,1,36.1,0,1,1,0,3,21.20377372,20.84657143,20.98310971
RWA,2018,2,34.3,1,0,2,3,2,24.61496878,26.34544257,25.16605039
SEN,2018,1,18.3,1,1,1,5,3,14.98751956,14.98203382,14.41402039
SLE,2018,1,28.8,2,1,2,5,3,58.93440965,60.6110904,58.20874133
SOM,2018,2,28.3,3,0,0,7,4,NA,NA,NA
STP,2018,3,13.1,5,0,0,3,3,11.11538307,10.87890247,11.39767885
SWZ,2018,0,24.1,1,0,1,2,2,8.521013558,8.427761974,8.959862917
SYC,2018,0,7.6,4,0,1,6,5,2.032330115,1.876054771,2.010871146
TCD,2018,1,36,3,2,0,1,4,45.09623634,48.61308641,46.12580311
TGO,2018,1,24.8,1,1,1,3,3,20.44048838,20.63860852,20.75798341
TZA,2018,3,33.6,1,0,2,4,2,27.86859954,28.74208607,27.44414257
UGA,2018,2,28.8,1,0,1,2,4,23.25029354,23.45883538,22.66032279
ZMB,2018,1,33.8,4,2,0,1,4,3.341123992,4.024271194,6.22847199
ZWE,2018,1,24.2,3,2,1,0,4,10.52095504,8.340968872,7.873985821
AGO,2019,0,37.4,8,1,1,7,2,6.660703804,8.607741762,10.01699591
BDI,2019,3,57.2,0,3,0,1,3,28.89755838,29.01190049,28.54664701
BEN,2019,1,31.9,2,1,2,0,2,26.87580163,28.06477391,28.48901653
BFA,2019,2,26.1,2,1,1,0,1,18.37610291,20.99747328,20.58558722
BWA,2019,0,23.2,6,1,2,3,2,2.10151927,2.055350722,1.843897077
CAF,2019,1,40.5,2,0,0,1,3,31.49073746,31.24133151,32.79017123
CIV,2019,0,19.1,3,0,1,2,4,20.67122108,20.54857036,18.73748665
CMR,2019,2,28.1,4,1,0,1,2,16.80228356,16.4988007,16.69294182
COD,2019,2,41.2,4,3,3,1,1,19.96523354,19.05648456,19.7026975
COG,2019,2,18.8,5,1,2,3,1,7.625380487,6.909114704,7.424713125
COM,2019,2,23.7,6,2,2,2,4,35.69356938,33.72015306,31.89888687
ERI,2019,1,49.5,3,0,0,5,6,NA,NA,NA
ETH,2019,3,36.3,4,2,2,1,6,33.521072,31.11192916,33.77928067
GAB,2019,2,14.8,9,2,2,0,2,5.55443087,5.435952803,5.265764844
GHA,2019,2,15.1,2,1,1,1,2,17.32323,18.13655055,19.56170972
GIN,2019,2,30.2,4,1,1,3,4,24.18860166,22.32593095,20.52847253
GMB,2019,1,16.9,2,2,1,1,4,20.01595623,19.87159618,21.00189469
GNB,2019,1,28.4,2,1,1,1,4,30.39657945,30.72370337,49.15780779
GNQ,2019,0,20.5,7,0,1,1,3,2.430417558,2.257979677,2.315463397
KEN,2019,3,20.4,5,3,0,0,4,21.16950318,20.31491042,20.89363741
LBR,2019,0,28.8,3,1,2,3,1,36.43715132,35.49669991,35.94261592
LSO,2019,1,32.4,5,2,1,1,1,4.731201111,4.32156306,4.964821378
MDG,2019,0,41.3,7,3,2,2,5,22.95625201,23.9733833,24.55013777
MLI,2019,1,26.3,2,1,1,1,2,37.30779732,37.61244316,37.43243963
MOZ,2019,1,38.4,4,1,1,2,1,24.21143333,24.56767288,25.04368115
MRT,2019,0,24.7,3,1,0,0,5,21.67694751,23.33066332,22.71874791
MWI,2019,2,37.8,2,0,1,3,3,23.00254031,21.62943584,22.92623863
NAM,2019,0,18.9,9,1,2,7,2,7.110486977,7.768297709,7.676156215
NER,2019,1,46.8,3,1,0,2,0,36.91488244,37.66166253,35.81687722
NGA,2019,3,35.7,3,1,1,0,0,21.90629593,21.20377372,20.84657143
RWA,2019,0,33.4,1,2,0,1,3,23.5436567,24.61496878,26.34544257
SEN,2019,1,17.8,4,1,1,1,5,14.98648114,14.98751956,14.98203382
SLE,2019,2,27.7,5,1,1,2,5,58.15447245,58.93440965,60.6110904
SOM,2019,3,27.9,8,2,0,3,7,NA,NA,NA
STP,2019,1,12.4,4,3,0,5,3,12.28981199,11.11538307,10.87890247
SWZ,2019,1,23.3,4,0,0,1,2,8.542649141,8.521013558,8.427761974
SYC,2019,1,7.5,6,0,0,4,6,2.240600014,2.032330115,1.876054771
TCD,2019,1,35.5,1,1,2,3,1,42.59444912,45.09623634,48.61308641
TGO,2019,1,24.3,3,1,1,1,3,19.75520676,20.44048838,20.63860852
TZA,2019,2,32.8,2,3,0,1,4,26.54641517,27.86859954,28.74208607
UGA,2019,1,28.4,4,2,0,1,2,22.94550881,23.25029354,23.45883538
ZMB,2019,0,32.9,5,1,2,4,1,2.860774937,3.341123992,4.024271194
ZWE,2019,0,23.5,4,1,2,3,0,10.14365709,10.52095504,8.340968872
AGO,2020,0,37.7,6,0,1,8,7,9.492693242,6.660703804,8.607741762
BDI,2020,2,57.6,0,3,3,0,1,28.45453163,28.89755838,29.01190049
BEN,2020,1,31.3,2,1,1,2,0,27.10917504,26.87580163,28.06477391
BFA,2020,2,25.5,3,2,1,2,0,18.39807893,18.37610291,20.99747328
BWA,2020,4,22.8,0,0,1,6,3,2.112227938,2.10151927,2.055350722
CAF,2020,1,40.1,2,1,0,2,1,32.14426478,31.49073746,31.24133151
CIV,2020,0,17.8,3,0,0,3,2,21.38539185,20.67122108,20.54857036
CMR,2020,1,27.2,4,2,1,4,1,17.38179045,16.80228356,16.4988007
COD,2020,0,40.8,4,2,3,4,1,20.88341888,19.96523354,19.05648456
COG,2020,1,18,7,2,1,5,3,9.554596905,7.625380487,6.909114704
COM,2020,1,22.6,5,2,2,6,2,36.70083134,35.69356938,33.72015306
ERI,2020,1,49.1,2,1,0,3,5,NA,NA,NA
ETH,2020,2,35.3,3,3,2,4,1,35.45140633,33.521072,31.11192916
GAB,2020,2,14.4,7,2,2,9,0,6.65899336,5.55443087,5.435952803
GHA,2020,0,14.2,3,2,1,2,1,19.25487442,17.32323,18.13655055
GIN,2020,1,29.4,3,2,1,4,3,23.66724233,24.18860166,22.32593095
GMB,2020,3,16.1,6,1,2,2,1,20.55379517,20.01595623,19.87159618
GNB,2020,3,28,5,1,1,2,1,30.86324475,30.39657945,30.72370337
GNQ,2020,1,19.7,6,0,0,7,1,2.994847574,2.430417558,2.257979677
KEN,2020,2,19.4,1,3,3,5,0,23.04756667,21.16950318,20.31491042
LBR,2020,0,28,3,0,1,3,3,38.98467313,36.43715132,35.49669991
LSO,2020,0,32.1,1,1,2,5,1,6.263557347,4.731201111,4.32156306
MDG,2020,1,40.2,2,0,3,7,2,25.12129502,22.95625201,23.9733833
MLI,2020,1,25.7,2,1,1,2,1,36.18804497,37.30779732,37.61244316
MOZ,2020,1,37.8,2,1,1,4,2,25.57742107,24.21143333,24.56767288
MRT,2020,1,24.2,3,0,1,3,0,20.18792117,21.67694751,23.33066332
MWI,2020,1,37,1,2,0,2,3,22.65520608,23.00254031,21.62943584
NAM,2020,1,18.4,1,0,1,9,7,9.151546947,7.110486977,7.768297709
NER,2020,1,46.7,3,1,1,3,2,38.38472532,36.91488244,37.66166253
NGA,2020,2,35.3,3,3,1,3,0,24.14330587,21.90629593,21.20377372
RWA,2020,2,32.6,1,0,2,1,1,26.2519547,23.5436567,24.61496878
SEN,2020,2,17.2,4,1,1,4,1,17.0256912,14.98648114,14.98751956
SLE,2020,0,26.8,3,2,1,5,2,59.48739589,58.15447245,58.93440965
SOM,2020,1,27.4,7,3,2,8,3,NA,NA,NA
STP,2020,0,11.8,3,1,3,4,5,13.991797,12.28981199,11.11538307
SWZ,2020,0,22.6,0,1,0,4,1,8.389103567,8.542649141,8.521013558
SYC,2020,0,7.4,5,1,0,6,4,1.886994746,2.240600014,2.032330115
TCD,2020,1,35,2,1,1,1,3,46.34120702,42.59444912,45.09623634
TGO,2020,2,23.8,4,1,1,3,1,18.77664831,19.75520676,20.44048838
TZA,2020,3,32,1,2,3,2,1,26.73711127,26.54641517,27.86859954
UGA,2020,3,27.9,0,1,2,4,1,23.92903372,22.94550881,23.25029354
ZMB,2020,2,32.3,0,0,1,5,4,2.977086346,2.860774937,3.341123992
ZWE,2020,3,23,0,0,1,4,3,7.607100619,10.14365709,10.52095504
